name;cat;subcat;price;img;desc
1;natural;nude;999;dress1.jpg;A stunning heel complete with memory foam inner lining for platforms as soft as slippers, comfortable enough to run in!
2;natural;nude;999;dress2.jpg;A stunning heel complete with memory foam inner lining for platforms as soft as slippers, comfortable enough to run in!
3;natural;nude;999;dress3.jpg;A stunning heel complete with memory foam inner lining for platforms as soft as slippers, comfortable enough to run in!
4;natural;nude;999;dress4.jpg;A stunning heel complete with memory foam inner lining for platforms as soft as slippers, comfortable enough to run in!
5;colourful;red;999;h_hauts1.jpg;A stunning heel complete with memory foam inner lining for platforms as soft as slippers, comfortable enough to run in!
6;colourful;red;999;h_hauts2.jpg;A stunning heel complete with memory foam inner lining for platforms as soft as slippers, comfortable enough to run in!
7;colourful;red;999;h_hauts3.jpg;A stunning heel complete with memory foam inner lining for platforms as soft as slippers, comfortable enough to run in!
8;natural;silver;999;sacs1.jpg;A stunning heel complete with memory foam inner lining for platforms as soft as slippers, comfortable enough to run in!
9;natural;silver;999;sacs2.jpg;A stunning heel complete with memory foam inner lining for platforms as soft as slippers, comfortable enough to run in!
10;colourful;pink;999;h_pantalons1.jpg;A stunning heel complete with memory foam inner lining for platforms as soft as slippers, comfortable enough to run in!
11;colourful;pink;999;h_pantalons2.jpg;A stunning heel complete with memory foam inner lining for platforms as soft as slippers, comfortable enough to run in!
12;colourful;turquoise;999;accessoires1.jpg;A stunning heel complete with memory foam inner lining for platforms as soft as slippers, comfortable enough to run in!
13;colourful;turquoise;999;accessoires2.jpg;A stunning heel complete with memory foam inner lining for platforms as soft as slippers, comfortable enough to run in!
14;nude;clear;999;f_hauts1.jpg;A stunning heel complete with memory foam inner lining for platforms as soft as slippers, comfortable enough to run in!
15;nude;clear;999;f_hauts2.jpg;A stunning heel complete with memory foam inner lining for platforms as soft as slippers, comfortable enough to run in!
16;nude;white;999;f_pantalons1.jpg;A stunning heel complete with memory foam inner lining for platforms as soft as slippers, comfortable enough to run in!
17;nude;white;999;f_pantalons2.jpg;A stunning heel complete with memory foam inner lining for platforms as soft as slippers, comfortable enough to run in!
18;dark;black;999;t-shirts1.jpg;A stunning heel complete with memory foam inner lining for platforms as soft as slippers, comfortable enough to run in!
19;dark;black;999;t-shirts2.jpg;A stunning heel complete with memory foam inner lining for platforms as soft as slippers, comfortable enough to run in!
20;dark;burgundy;999;jeans1.jpg;A stunning heel complete with memory foam inner lining for platforms as soft as slippers, comfortable enough to run in!
21;dark;burgundy;999;jeans2.jpg;A stunning heel complete with memory foam inner lining for platforms as soft as slippers, comfortable enough to run in!